1,AE,true
2,AE,true
3,AE,true
4,AE,true
5,AE,false
6,AE,false
7,AE,false
8,AE,false
9,AE,false
10,AE,false
11,AF,true
12,AF,true
13,AF,false
14,AL,true
15,AL,true
16,AL,true
17,AL,false
18,AL,false
19,AM,true
20,AM,false
21,AQ,false
22,AR,true
23,AR,true
24,AR,true
25,AR,true
26,AR,true
27,AR,true
28,AR,true
29,AR,true
30,AR,true
31,AR,true
32,AR,true
33,AR,true
34,AR,true
35,AR,true
36,AR,true
37,AR,true
38,AR,false
39,AR,false
40,AR,false
41,AR,false
42,AR,false
43,AR,false
44,AR,false
45,AR,false
46,AR,false
47,AR,false
48,AR,false
49,AR,false
50,AR,false
51,AT,true
52,AT,true
53,AT,true
54,AT,true
55,AT,true
56,AT,true
57,AT,true
58,AT,true
59,AT,true
60,AT,true
61,AT,true
62,AT,true
63,AT,true
64,AT,true
65,AT,true
66,AT,true
67,AT,true
68,AT,true
69,AT,true
70,AT,true
71,AT,true
72,AT,true
73,AT,true
74,AT,true
75,AT,true
76,AT,true
77,AT,true
78,AT,true
79,AT,false
80,AT,false
81,AT,false
82,AU,true
83,AU,true
84,AU,true
85,AU,true
86,AU,true
87,AU,true
88,AU,false
89,AU,false
90,AU,false
91,AU,false
92,AU,false
93,AU,false
94,AU,false
95,AU,false
96,AU,false
97,AU,false
98,AU,false
99,AU,false
100,AU,false
101,AU,false
102,AU,false
103,AU,false
104,AU,false
105,AU,false
106,AU,false
107,AU,false
108,AU,false
109,AU,false
110,AU,false
111,AU,false
112,AU,false
113,AU,false
114,AU,false
115,AU,false
116,AU,false
117,AU,false
118,AU,false
119,AU,false
120,AU,false
121,AU,false
122,AU,false
123,AU,false
124,AU,false
125,AU,false
126,AU,false
127,AU,false
128,AU,false
129,AU,false
130,AU,false
131,AW,false
132,BA,false
133,BA,false
134,BB,false
135,BD,true
136,BD,true
137,BE,true
138,BE,true
139,BE,true
140,BE,true
141,BE,true
142,BE,true
143,BE,true
144,BE,true
145,BE,true
146,BE,true
147,BE,true
148,BE,true
149,BE,true
150,BE,true
151,BE,true
152,BE,true
153,BE,true
154,BE,true
155,BE,true
156,BE,true
157,BE,true
158,BE,true
159,BE,true
160,BE,true
161,BE,true
162,BE,true
163,BE,true
164,BE,true
165,BE,true
166,BE,true
167,BE,true
168,BE,false
169,BE,false
170,BE,false
171,BE,false
172,BE,false
173,BE,false
174,BE,false
175,BE,false
176,BE,false
177,BE,false
178,BE,false
179,BE,false
180,BE,false
181,BE,false
182,BE,false
183,BE,false
184,BE,false
185,BE,false
186,BE,false
187,BE,false
188,BE,false
189,BE,false
190,BE,false
191,BE,false
192,BE,false
193,BE,false
194,BE,false
195,BE,false
196,BE,false
197,BE,false
198,BE,false
199,BE,false
200,BG,true
201,BG,true
202,BG,true
203,BG,true
204,BG,true
205,BG,true
206,BG,true
207,BG,true
208,BG,true
209,BG,true
210,BG,true
211,BG,true
212,BG,true
213,BG,false
214,BG,false
215,BG,false
216,BG,false
217,BG,false
218,BG,false
219,BG,false
220,BG,false
221,BH,true
222,BH,true
223,BM,false
224,BO,true
225,BO,false
226,BR,true
227,BR,true
228,BR,true
229,BR,true
230,BR,true
231,BR,true
232,BR,true
233,BR,true
234,BR,true
235,BR,true
236,BR,true
237,BR,true
238,BR,true
239,BR,true
240,BR,true
241,BR,true
242,BR,true
243,BR,true
244,BR,false
245,BR,false
246,BR,false
247,BR,false
248,BR,false
249,BR,false
250,BR,false
251,BR,false
252,BR,false
253,BR,false
254,BR,false
255,BR,false
256,BR,false
257,BR,false
258,BR,false
259,BR,false
260,BR,false
261,BR,false
262,BR,false
263,BR,false
264,BR,false
265,BR,false
266,BR,false
267,BR,false
268,BR,false
269,BR,false
270,BR,false
271,BR,false
272,BR,false
273,BR,false
274,BR,false
275,BR,false
276,BR,false
277,BY,true
278,BY,true
279,BY,true
280,CA,true
281,CA,true
282,CA,true
283,CA,true
284,CA,true
285,CA,true
286,CA,true
287,CA,true
288,CA,true
289,CA,true
290,CA,true
291,CA,true
292,CA,true
293,CA,true
294,CA,true
295,CA,true
296,CA,true
297,CA,true
298,CA,true
299,CA,true
300,CA,true
301,CA,true
302,CA,true
303,CA,true
304,CA,true
305,CA,true
306,CA,true
307,CA,true
308,CA,true
309,CA,true
310,CA,false
311,CA,false
312,CA,false
313,CA,false
314,CA,false
315,CA,false
316,CA,false
317,CA,false
318,CA,false
319,CA,false
320,CA,false
321,CA,false
322,CA,false
323,CA,false
324,CA,false
325,CA,false
326,CA,false
327,CA,false
328,CA,false
329,CA,false
330,CA,false
331,CA,false
332,CA,false
333,CA,false
334,CA,false
335,CA,false
336,CA,false
337,CA,false
338,CA,false
339,CA,false
340,CA,false
341,CA,false
342,CA,false
343,CA,false
344,CA,false
345,CA,false
346,CA,false
347,CA,false
348,CA,false
349,CA,false
350,CA,false
351,CA,false
352,CA,false
353,CA,false
354,CA,false
355,CA,false
356,CA,false
357,CA,false
358,CA,false
359,CA,false
360,CA,false
361,CA,false
362,CA,false
363,CA,false
364,CA,false
365,CA,false
366,CA,false
367,CA,false
368,CA,false
369,CA,false
370,CA,false
371,CA,false
372,CA,false
373,CA,false
374,CA,false
375,CA,false
376,CA,false
377,CH,true
378,CH,true
379,CH,true
380,CH,true
381,CH,true
382,CH,true
383,CH,true
384,CH,true
385,CH,true
386,CH,true
387,CH,true
388,CH,true
389,CH,true
390,CH,true
391,CH,true
392,CH,true
393,CH,true
394,CH,true
395,CH,true
396,CH,true
397,CH,true
398,CH,true
399,CH,true
400,CH,false
401,CH,false
402,CH,false
403,CH,false
404,CH,false
405,CH,false
406,CH,false
407,CH,false
408,CH,false
409,CH,false
410,CH,false
411,CH,false
412,CH,false
413,CH,false
414,CH,false
415,CH,false
416,CH,false
417,CH,false
418,CH,false
419,CH,false
420,CH,false
421,CH,false
422,CH,false
423,CH,false
424,CH,false
425,CH,false
426,CH,false
427,CH,false
428,CH,false
429,CH,false
430,CL,true
431,CL,true
432,CL,true
433,CL,true
434,CL,true
435,CL,true
436,CL,false
437,CL,false
438,CL,false
439,CL,false
440,CL,false
441,CL,false
442,CL,false
443,CL,false
444,CL,false
445,CL,false
446,CL,false
447,CN,true
448,CN,true
449,CN,true
450,CN,true
451,CN,true
452,CN,true
453,CN,true
454,CN,true
455,CN,true
456,CN,true
457,CN,true
458,CN,true
459,CN,true
460,CN,false
461,CN,false
462,CN,false
463,CN,false
464,CN,false
465,CN,false
466,CN,false
467,CN,false
468,CN,false
469,CN,false
470,CO,true
471,CO,true
472,CO,true
473,CO,true
474,CO,true
475,CO,true
476,CO,true
477,CO,false
478,CO,false
479,CO,false
480,CR,true
481,CR,true
482,CR,true
483,CY,true
484,CY,false
485,CZ,true
486,CZ,true
487,CZ,true
488,CZ,true
489,CZ,true
490,CZ,true
491,CZ,false
492,CZ,false
493,CZ,false
494,CZ,false
495,DE,true
496,DE,true
497,DE,true
498,DE,true
499,DE,true
500,DE,true
501,DE,true
502,DE,true
503,DE,true
504,DE,true
505,DE,true
506,DE,false
507,DE,false
508,DE,false
509,DE,false
510,DE,false
511,DE,false
512,DE,false
513,DE,false
514,DE,false
515,DE,false
516,DE,false
517,DE,false
518,DK,true
519,DK,true
520,DK,true
521,DK,true
522,DK,true
523,DK,false
524,DK,false
525,DK,false
526,DK,false
527,DK,false
528,DK,false
529,DO,false
530,DZ,true
531,DZ,false
532,EC,true
533,EC,false
534,EC,false
535,EC,false
536,EE,true
537,EE,true
538,EE,true
539,EE,true
540,EE,true
541,EE,true
542,EE,true
543,EE,true
544,EE,true
545,EE,true
546,EE,true
547,EE,true
548,EE,false
549,EE,false
550,EE,false
551,EE,false
552,EE,false
553,EE,false
554,EE,false
555,EE,false
556,EE,false
557,EE,false
558,EE,false
559,EE,false
560,EE,false
561,EE,false
562,EE,false
563,EE,false
564,EE,false
565,EE,false
566,EE,false
567,EE,false
568,EE,false
569,EE,false
570,EE,false
571,EE,false
572,EE,false
573,EG,false
574,ES,true
575,ES,true
576,ES,false
577,ES,false
578,ES,false
579,ET,false
580,FI,true
581,FI,true
582,FI,true
583,FI,true
584,FI,true
585,FI,true
586,FI,true
587,FI,true
588,FI,true
589,FI,true
590,FI,true
591,FI,true
592,FI,true
593,FI,true
594,FI,true
595,FI,true
596,FI,true
597,FI,true
598,FI,true
599,FI,true
600,FI,true
601,FI,false
602,FI,false
603,FI,false
604,FI,false
605,FI,false
606,FI,false
607,FI,false
608,FI,false
609,FI,false
610,FI,false
611,FI,false
612,FI,false
613,FI,false
614,FI,false
615,FI,false
616,FI,false
617,FI,false
618,FI,false
619,FI,false
620,FI,false
621,FI,false
622,FI,false
623,FI,false
624,FI,false
625,FI,false
626,FI,false
627,FI,false
628,FI,false
629,FI,false
630,FI,false
631,FI,false
632,FI,false
633,FI,false
634,FI,false
635,FR,true
636,FR,true
637,FR,true
638,FR,true
639,FR,true
640,FR,false
641,FR,false
642,FR,false
643,FR,false
644,FR,false
645,FR,false
646,FX,true
647,FX,true
648,FX,true
649,FX,true
650,FX,true
651,FX,true
652,FX,true
653,FX,true
654,FX,false
655,FX,false
656,FX,false
657,FX,false
658,GB,true
659,GB,true
660,GB,true
661,GB,true
662,GB,true
663,GB,true
664,GB,true
665,GB,true
666,GB,true
667,GB,true
668,GB,true
669,GB,true
670,GB,true
671,GB,true
672,GB,true
673,GB,true
674,GB,false
675,GB,false
676,GB,false
677,GB,false
678,GB,false
679,GD,true
680,GE,true
681,GH,false
682,GI,false
683,GR,true
684,GR,true
685,GR,true
686,GR,true
687,GR,true
688,GR,true
689,GR,false
690,GR,false
691,GR,false
692,GR,false
693,GR,false
694,GR,false
695,GR,false
696,GR,false
697,GR,false
698,GT,false
699,GU,true
700,GY,false
701,HK,true
702,HK,true
703,HK,true
704,HK,true
705,HK,true
706,HK,true
707,HK,true
708,HK,true
709,HK,false
710,HK,false
711,HK,false
712,HK,false
713,HK,false
714,HK,false
715,HK,false
716,HK,false
717,HK,false
718,HK,false
719,HK,false
720,HN,false
721,HR,true
722,HR,true
723,HR,true
724,HR,true
725,HR,true
726,HR,true
727,HR,true
728,HR,true
729,HR,true
730,HR,true
731,HR,true
732,HR,true
733,HR,true
734,HR,true
735,HR,true
736,HR,false
737,HR,false
738,HR,false
739,HR,false
740,HR,false
741,HR,false
742,HR,false
743,HR,false
744,HR,false
745,HR,false
746,HR,false
747,HR,false
748,HR,false
749,HR,false
750,HR,false
751,HU,true
752,HU,true
753,HU,true
754,HU,true
755,HU,true
756,HU,true
757,HU,true
758,HU,true
759,HU,true
760,HU,false
761,HU,false
762,HU,false
763,HU,false
764,HU,false
765,HU,false
766,ID,true
767,ID,true
768,ID,true
769,ID,true
770,ID,true
771,ID,true
772,ID,true
773,ID,false
774,ID,false
775,ID,false
776,IE,true
777,IE,true
778,IE,true
779,IE,true
780,IE,true
781,IE,true
782,IE,true
783,IE,true
784,IE,true
785,IE,true
786,IE,true
787,IE,false
788,IE,false
789,IE,false
790,IE,false
791,IE,false
792,IE,false
793,IE,false
794,IE,false
795,IE,false
796,IE,false
797,IL,true
798,IL,true
799,IL,true
800,IL,true
801,IL,true
802,IL,true
803,IL,true
804,IL,true
805,IL,true
806,IL,true
807,IL,false
808,IL,false
809,IL,false
810,IL,false
811,IL,false
812,IL,false
813,IL,false
814,IL,false
815,IL,false
816,IL,false
817,IL,false
818,IL,false
819,IL,false
820,IL,false
821,IL,false
822,IN,true
823,IN,true
824,IN,true
825,IN,true
826,IN,false
827,IN,false
828,IN,false
829,IQ,false
830,IR,true
831,IR,false
832,IS,true
833,IS,true
834,IS,true
835,IS,true
836,IS,true
837,IS,true
838,IS,true
839,IS,true
840,IS,true
841,IS,true
842,IS,true
843,IS,true
844,IS,true
845,IS,true
846,IS,true
847,IS,true
848,IS,true
849,IS,true
850,IS,true
851,IS,false
852,IS,false
853,IS,false
854,IS,false
855,IS,false
856,IS,false
857,IS,false
858,IS,false
859,IS,false
860,IS,false
861,IS,false
862,IS,false
863,IS,false
864,IS,false
865,IS,false
866,IS,false
867,IS,false
868,IS,false
869,IS,false
870,IS,false
871,IS,false
872,IS,false
873,IS,false
874,IS,false
875,IT,true
876,IT,true
877,IT,true
878,IT,true
879,IT,true
880,IT,true
881,IT,true
882,IT,true
883,IT,true
884,IT,true
885,IT,true
886,IT,true
887,IT,false
888,IT,false
889,IT,false
890,IT,false
891,IT,false
892,IT,false
893,IT,false
894,IT,false
895,IT,false
896,IT,false
897,JM,false
898,JP,true
899,JP,true
900,JP,true
901,JP,true
902,JP,true
903,JP,true
904,JP,true
905,JP,true
906,JP,true
907,JP,true
908,JP,true
909,JP,true
910,JP,true
911,JP,true
912,JP,true
913,JP,true
914,JP,false
915,JP,false
916,JP,false
917,JP,false
918,JP,false
919,JP,false
920,JP,false
921,JP,false
922,JP,false
923,JP,false
924,JP,false
925,JP,false
926,JP,false
927,JP,false
928,JP,false
929,JP,false
930,JP,false
931,JP,false
932,JP,false
933,JP,false
934,JP,false
935,JP,false
936,JP,false
937,JP,false
938,JP,false
939,JP,false
940,JP,false
941,JP,false
942,JP,false
943,JP,false
944,JP,false
945,JP,false
946,JP,false
947,JP,false
948,JP,false
949,JP,false
950,JP,false
951,JP,false
952,JP,false
953,JP,false
954,JP,false
955,JP,false
956,JP,false
957,JP,false
958,JP,false
959,JP,false
960,JP,false
961,KE,false
962,KH,true
963,KP,true
964,KR,true
965,KR,true
966,KR,true
967,KR,true
968,KR,true
969,KR,true
970,KR,true
971,KR,true
972,KR,true
973,KR,true
974,KR,true
975,KR,true
976,KR,true
977,KR,true
978,KR,true
979,KR,true
980,KR,false
981,KR,false
982,KR,false
983,KR,false
984,KR,false
985,KR,false
986,KR,false
987,KR,false
988,KR,false
989,KR,false
990,KR,false
991,KR,false
992,KR,false
993,KR,false
994,KR,false
995,KR,false
996,KR,false
997,KR,false
998,KR,false
999,KR,false
1000,KR,false
1001,KR,false
1002,KW,true
1003,KW,false
1004,KZ,false
1005,LB,false
1006,LB,false
1007,LT,true
1008,LT,true
1009,LT,true
1010,LT,true
1011,LT,true
1012,LT,true
1013,LT,true
1014,LT,false
1015,LT,false
1016,LT,false
1017,LT,false
1018,LT,false
1019,LT,false
1020,LT,false
1021,LT,false
1022,LT,false
1023,LT,false
1024,LT,false
1025,LT,false
1026,LT,false
1027,LT,false
1028,LT,false
1029,LT,false
1030,LT,false
1031,LU,false
1032,LV,true
1033,LV,true
1034,LV,false
1035,LV,false
1036,LV,false
1037,LV,false
1038,LV,false
1039,LV,false
1040,LV,false
1041,MA,false
1042,MD,false
1043,MK,true
1044,MK,true
1045,MK,false
1046,MK,false
1047,MK,false
1048,MK,false
1049,MT,true
1050,MT,true
1051,MT,true
1052,MT,true
1053,MT,true
1054,MT,true
1055,MT,true
1056,MT,false
1057,MT,false
1058,MT,false
1059,MT,false
1060,MT,false
1061,MT,false
1062,MT,false
1063,MT,false
1064,MT,false
1065,MV,true
1066,MW,true
1067,MX,true
1068,MX,true
1069,MX,true
1070,MX,false
1071,MX,false
1072,MX,false
1073,MY,true
1074,MY,true
1075,MY,false
1076,NL,true
1077,NL,true
1078,NL,true
1079,NL,true
1080,NL,true
1081,NL,true
1082,NL,true
1083,NL,false
1084,NL,false
1085,NL,false
1086,NL,false
1087,NL,false
1088,NL,false
1089,NL,false
1090,NO,true
1091,NO,true
1092,NO,true
1093,NO,true
1094,NO,false
1095,NO,false
1096,NO,false
1097,NO,false
1098,NO,false
1099,NO,false
1100,NO,false
1101,NO,false
1102,NO,false
1103,NP,false
1104,NZ,true
1105,NZ,true
1106,NZ,true
1107,NZ,true
1108,NZ,true
1109,NZ,true
1110,NZ,true
1111,NZ,true
1112,NZ,true
1113,NZ,true
1114,NZ,true
1115,NZ,true
1116,NZ,false
1117,NZ,false
1118,NZ,false
1119,NZ,false
1120,NZ,false
1121,NZ,false
1122,NZ,false
1123,NZ,false
1124,NZ,false
1125,NZ,false
1126,PA,false
1127,PE,true
1128,PE,false
1129,PE,false
1130,PH,true
1131,PH,true
1132,PH,true
1133,PH,true
1134,PH,true
1135,PH,true
1136,PH,true
1137,PH,true
1138,PH,true
1139,PH,true
1140,PH,true
1141,PH,true
1142,PH,true
1143,PH,true
1144,PH,true
1145,PH,true
1146,PH,true
1147,PH,true
1148,PH,false
1149,PH,false
1150,PH,false
1151,PH,false
1152,PH,false
1153,PH,false
1154,PH,false
1155,PH,false
1156,PH,false
1157,PH,false
1158,PH,false
1159,PH,false
1160,PH,false
1161,PH,false
1162,PH,false
1163,PH,false
1164,PH,false
1165,PH,false
1166,PH,false
1167,PH,false
1168,PH,false
1169,PH,false
1170,PH,false
1171,PH,false
1172,PH,false
1173,PH,false
1174,PH,false
1175,PH,false
1176,PH,false
1177,PK,true
1178,PK,false
1179,PK,false
1180,PK,false
1181,PL,true
1182,PL,true
1183,PL,true
1184,PL,true
1185,PL,true
1186,PL,true
1187,PL,true
1188,PL,true
1189,PL,true
1190,PL,true
1191,PL,true
1192,PL,true
1193,PL,true
1194,PL,true
1195,PL,true
1196,PL,true
1197,PL,true
1198,PL,true
1199,PL,true
1200,PL,true
1201,PL,true
1202,PL,true
1203,PL,true
1204,PL,true
1205,PL,false
1206,PL,false
1207,PL,false
1208,PL,false
1209,PL,false
1210,PL,false
1211,PL,false
1212,PL,false
1213,PL,false
1214,PL,false
1215,PL,false
1216,PL,false
1217,PL,false
1218,PL,false
1219,PL,false
1220,PL,false
1221,PL,false
1222,PL,false
1223,PL,false
1224,PL,false
1225,PL,false
1226,PL,false
1227,PL,false
1228,PL,false
1229,PL,false
1230,PL,false
1231,PL,false
1232,PR,true
1233,PR,true
1234,PR,true
1235,PR,true
1236,PR,true
1237,PR,true
1238,PR,true
1239,PR,true
1240,PR,false
1241,PR,false
1242,PR,false
1243,PR,false
1244,PR,false
1245,PR,false
1246,PR,false
1247,PT,true
1248,PT,true
1249,PT,true
1250,PT,true
1251,PT,true
1252,PT,true
1253,PT,true
1254,PT,true
1255,PT,true
1256,PT,true
1257,PT,true
1258,PT,true
1259,PT,true
1260,PT,true
1261,PT,true
1262,PT,true
1263,PT,false
1264,PT,false
1265,PT,false
1266,PT,false
1267,PT,false
1268,PT,false
1269,PT,false
1270,PT,false
1271,PT,false
1272,PT,false
1273,PT,false
1274,PT,false
1275,PT,false
1276,PT,false
1277,PT,false
1278,PT,false
1279,PT,false
1280,PT,false
1281,PT,false
1282,PT,false
1283,PT,false
1284,PY,true
1285,PY,false
1286,QA,true
1287,QA,false
1288,QA,false
1289,RO,true
1290,RO,true
1291,RO,true
1292,RO,true
1293,RO,true
1294,RO,true
1295,RO,true
1296,RO,true
1297,RO,true
1298,RO,true
1299,RO,true
1300,RO,true
1301,RO,true
1302,RO,true
1303,RO,true
1304,RO,true
1305,RO,true
1306,RO,true
1307,RO,true
1308,RO,true
1309,RO,true
1310,RO,true
1311,RO,true
1312,RO,true
1313,RO,true
1314,RO,true
1315,RO,true
1316,RO,true
1317,RO,true
1318,RO,false
1319,RO,false
1320,RO,false
1321,RO,false
1322,RO,false
1323,RO,false
1324,RO,false
1325,RO,false
1326,RO,false
1327,RO,false
1328,RO,false
1329,RO,false
1330,RO,false
1331,RO,false
1332,RO,false
1333,RO,false
1334,RO,false
1335,RO,false
1336,RO,false
1337,RO,false
1338,RO,false
1339,RO,false
1340,RO,false
1341,RO,false
1342,RO,false
1343,RO,false
1344,RO,false
1345,RO,false
1346,RO,false
1347,RO,false
1348,RO,false
1349,RO,false
1350,RO,false
1351,RO,false
1352,RU,true
1353,RU,true
1354,RU,true
1355,RU,true
1356,RU,true
1357,RU,true
1358,RU,true
1359,RU,true
1360,RU,true
1361,RU,false
1362,RU,false
1363,RU,false
1364,RU,false
1365,RU,false
1366,RU,false
1367,RU,false
1368,RU,false
1369,RU,false
1370,RU,false
1371,RU,false
1372,RU,false
1373,RU,false
1374,RU,false
1375,RU,false
1376,RU,false
1377,RU,false
1378,RU,false
1379,RU,false
1380,RU,false
1381,RU,false
1382,RU,false
1383,RU,false
1384,RU,false
1385,RU,false
1386,RU,false
1387,RU,false
1388,RU,false
1389,RU,false
1390,RU,false
1391,RU,false
1392,RU,false
1393,RU,false
1394,RU,false
1395,RU,false
1396,SA,true
1397,SA,false
1398,SB,true
1399,SE,true
1400,SE,true
1401,SE,true
1402,SE,true
1403,SE,true
1404,SE,true
1405,SE,true
1406,SE,true
1407,SE,false
1408,SE,false
1409,SE,false
1410,SE,false
1411,SE,false
1412,SE,false
1413,SE,false
1414,SE,false
1415,SE,false
1416,SG,true
1417,SG,true
1418,SG,true
1419,SG,true
1420,SG,true
1421,SG,false
1422,SG,false
1423,SG,false
1424,SG,false
1425,SI,true
1426,SI,true
1427,SI,true
1428,SI,true
1429,SI,true
1430,SI,true
1431,SI,false
1432,SI,false
1433,SI,false
1434,SI,false
1435,SI,false
1436,SI,false
1437,SK,true
1438,SK,true
1439,SK,true
1440,SK,true
1441,SK,true
1442,SK,false
1443,SK,false
1444,SK,false
1445,SK,false
1446,TH,true
1447,TH,true
1448,TH,true
1449,TH,true
1450,TH,true
1451,TH,true
1452,TH,false
1453,TH,false
1454,TH,false
1455,TH,false
1456,TN,true
1457,TN,false
1458,TR,true
1459,TR,true
1460,TR,true
1461,TR,true
1462,TR,true
1463,TR,true
1464,TR,true
1465,TR,true
1466,TR,true
1467,TR,false
1468,TR,false
1469,TR,false
1470,TR,false
1471,TR,false
1472,TR,false
1473,TT,true
1474,TT,true
1475,TT,false
1476,TW,false
1477,TW,false
1478,TW,false
1479,TW,false
1480,TW,false
1481,TW,false
1482,TW,false
1483,TZ,false
1484,UA,true
1485,UA,true
1486,UA,true
1487,UA,true
1488,UA,false
1489,UA,false
1490,UA,false
1491,UA,false
1492,UA,false
1493,UA,false
1494,UA,false
1495,UA,false
1496,UK,true
1497,UK,true
1498,UK,true
1499,UK,true
1500,UK,true
1501,UK,true
1502,UK,true
1503,UK,true
1504,UK,false
1505,UK,false
1506,UK,false
1507,UK,false
1508,UK,false
1509,UM,true
1510,UM,true
1511,US,true
1512,US,true
1513,US,false
1514,UY,true
1515,UY,true
1516,UY,false
1517,UY,false
1518,UY,false
1519,VE,true
1520,VE,true
1521,VE,true
1522,VE,true
1523,VN,true
1524,VN,false
1525,YU,true
1526,YU,true
1527,YU,true
1528,YU,true
1529,YU,false
1530,YU,false
1531,YU,false
1532,YU,false
1533,YU,false
1534,YU,false
1535,YU,false
1536,ZA,true
1537,ZA,true
1538,ZA,true
1539,ZA,false
