1130,PH,true,662,GB,true
481,CR,true,27,AR,true
1127,PE,true,1135,PH,true
149,BE,true,592,FI,true
638,FR,true,574,ES,true
732,HR,true,449,CN,true
1446,TH,true,490,CZ,true
304,CA,true,539,EE,true
597,FI,true,1,AE,true
499,DE,true,147,BE,true
823,IN,true,968,KR,true
1049,MT,true,726,HR,true
69,AT,true,1426,SI,true
35,AR,true,63,AT,true
782,IE,true,1527,YU,true
489,CZ,true,660,GB,true
226,BR,true,34,AR,true
1236,PR,true,164,BE,true
1295,RO,true,288,CA,true
1198,PL,true,1307,RO,true
482,CR,true,28,AR,true
150,BE,true,593,FI,true
639,FR,true,575,ES,true
733,HR,true,450,CN,true
1447,TH,true,1130,PH,true
305,CA,true,540,EE,true
598,FI,true,2,AE,true
500,DE,true,148,BE,true
824,IN,true,969,KR,true
1050,MT,true,727,HR,true
70,AT,true,1427,SI,true
36,AR,true,64,AT,true
783,IE,true,1528,YU,true
490,CZ,true,661,GB,true
227,BR,true,35,AR,true
1237,PR,true,165,BE,true
224,BO,true,235,BR,true
1296,RO,true,289,CA,true
1199,PL,true,1308,RO,true
1131,PH,true,663,GB,true
447,CN,true,1067,MX,true
151,BE,true,594,FI,true
377,CH,true,899,JP,true
734,HR,true,451,CN,true
1448,TH,true,1131,PH,true
1416,SG,true,485,CZ,true
306,CA,true,541,EE,true
599,FI,true,3,AE,true
501,DE,true,149,BE,true
825,IN,true,970,KR,true
1051,MT,true,728,HR,true
71,AT,true,1428,SI,true
37,AR,true,65,AT,true
784,IE,true,679,GD,true
228,BR,true,36,AR,true
1238,PR,true,166,BE,true
1297,RO,true,290,CA,true
1200,PL,true,1309,RO,true
646,FX,true,66,AT,true
1458,TR,true,501,DE,true
1132,PH,true,664,GB,true
378,CH,true,900,JP,true
735,HR,true,452,CN,true
1417,SG,true,486,CZ,true
1449,TH,true,1132,PH,true
830,IR,true,845,IS,true
307,CA,true,542,EE,true
600,FI,true,4,AE,true
502,DE,true,150,BE,true
1052,MT,true,729,HR,true
72,AT,true,1429,SI,true
785,IE,true,962,KH,true
229,BR,true,37,AR,true
1239,PR,true,167,BE,true
1043,MK,true,547,EE,true
1298,RO,true,291,CA,true
1201,PL,true,1310,RO,true
647,FX,true,67,AT,true
1459,TR,true,502,DE,true
1133,PH,true,665,GB,true
448,CN,true,1068,MX,true
152,BE,true,595,FI,true
379,CH,true,901,JP,true
1450,TH,true,1133,PH,true
1418,SG,true,487,CZ,true
832,IS,true,453,CN,true
1286,QA,true,1405,SE,true
308,CA,true,543,EE,true
503,DE,true,151,BE,true
1053,MT,true,730,HR,true
73,AT,true,1430,SI,true
532,EC,true,545,EE,true
786,IE,true,1289,RO,true
230,BR,true,646,FX,true
1076,NL,true,1474,TT,true
1044,MK,true,1473,TT,true
1299,RO,true,292,CA,true
1202,PL,true,1311,RO,true
648,FX,true,68,AT,true
1460,TR,true,503,DE,true
1134,PH,true,666,GB,true
449,CN,true,1069,MX,true
1456,TN,true,782,IE,true
153,BE,true,596,FI,true
1451,TH,true,1134,PH,true
1419,SG,true,488,CZ,true
833,IS,true,454,CN,true
309,CA,true,544,EE,true
504,DE,true,152,BE,true
1054,MT,true,731,HR,true
74,AT,true,1496,UK,true
658,GB,true,783,IE,true
231,BR,true,647,FX,true
1077,NL,true,495,DE,true
1300,RO,true,293,CA,true
1203,PL,true,1312,RO,true
649,FX,true,69,AT,true
1461,TR,true,504,DE,true
1135,PH,true,667,GB,true
221,BH,true,972,KR,true
450,CN,true,19,AM,true
154,BE,true,597,FI,true
380,CH,true,902,JP,true
834,IS,true,455,CN,true
505,DE,true,153,BE,true
536,EE,true,1232,PR,true
1055,MT,true,732,HR,true
75,AT,true,1497,UK,true
659,GB,true,784,IE,true
232,BR,true,648,FX,true
1078,NL,true,496,DE,true
1301,RO,true,294,CA,true
1204,PL,true,1313,RO,true
650,FX,true,70,AT,true
1462,TR,true,505,DE,true
1136,PH,true,668,GB,true
222,BH,true,973,KR,true
451,CN,true,470,CO,true
155,BE,true,598,FI,true
381,CH,true,903,JP,true
1420,SG,true,489,CZ,true
537,EE,true,1233,PR,true
76,AT,true,1498,UK,true
1536,ZA,true,733,HR,true
660,GB,true,785,IE,true
233,BR,true,649,FX,true
1079,NL,true,497,DE,true
1302,RO,true,295,CA,true
1525,YU,true,1314,RO,true
651,FX,true,71,AT,true
1463,TR,true,1090,NO,true
1137,PH,true,669,GB,true
452,CN,true,471,CO,true
156,BE,true,599,FI,true
382,CH,true,904,JP,true
835,IS,true,456,CN,true
701,HK,true,1247,PT,true
538,EE,true,1234,PR,true
797,IL,true,1255,PT,true
77,AT,true,1499,UK,true
1537,ZA,true,734,HR,true
661,GB,true,786,IE,true
234,BR,true,650,FX,true
1080,NL,true,498,DE,true
1303,RO,true,296,CA,true
1526,YU,true,1315,RO,true
652,FX,true,72,AT,true
1464,TR,true,1091,NO,true
1138,PH,true,670,GB,true
453,CN,true,472,CO,true
157,BE,true,600,FI,true
383,CH,true,905,JP,true
836,IS,true,457,CN,true
280,CA,true,680,GE,true
798,IL,true,1256,PT,true
78,AT,true,1500,UK,true
1284,PY,true,847,IS,true
1538,ZA,true,735,HR,true
662,GB,true,1181,PL,true
1247,PT,true,211,BG,true
235,BR,true,651,FX,true
1081,NL,true,499,DE,true
1304,RO,true,297,CA,true
1527,YU,true,1316,RO,true
653,FX,true,73,AT,true
1465,TR,true,1092,NO,true
1139,PH,true,671,GB,true
454,CN,true,473,CO,true
158,BE,true,701,HK,true
1523,VN,true,781,IE,true
1425,SI,true,1138,PH,true
384,CH,true,906,JP,true
837,IS,true,458,CN,true
281,CA,true,1043,MK,true
702,HK,true,1248,PT,true
539,EE,true,1235,PR,true
663,GB,true,1182,PL,true
1248,PT,true,212,BG,true
236,BR,true,652,FX,true
1082,NL,true,500,DE,true
530,DZ,true,1137,PH,true
1305,RO,true,298,CA,true
1528,YU,true,1317,RO,true
1466,TR,true,1093,NO,true
1140,PH,true,672,GB,true
455,CN,true,474,CO,true
159,BE,true,702,HK,true
1426,SI,true,1139,PH,true
385,CH,true,907,JP,true
838,IS,true,459,CN,true
282,CA,true,1044,MK,true
703,HK,true,1249,PT,true
898,JP,true,974,KR,true
540,EE,true,1236,PR,true
799,IL,true,1257,PT,true
1249,PT,true,377,CH,true
664,GB,true,1183,PL,true
237,BR,true,653,FX,true
1306,RO,true,299,CA,true
1,AE,true,207,BG,true
1141,PH,true,673,GB,true
456,CN,true,475,CO,true
160,BE,true,703,HK,true
1427,SI,true,1140,PH,true
386,CH,true,908,JP,true
839,IS,true,683,GR,true
283,CA,true,1076,NL,true
704,HK,true,1250,PT,true
964,KR,true,1012,LT,true
899,JP,true,975,KR,true
541,EE,true,1237,PR,true
800,IL,true,1258,PT,true
1250,PT,true,378,CH,true
665,GB,true,1184,PL,true
238,BR,true,1399,SE,true
1307,RO,true,300,CA,true
1177,PK,true,1200,PL,true
2,AE,true,208,BG,true
1142,PH,true,766,ID,true
457,CN,true,476,CO,true
161,BE,true,704,HK,true
1428,SI,true,1141,PH,true
387,CH,true,909,JP,true
840,IS,true,684,GR,true
284,CA,true,1077,NL,true
1002,KW,true,699,GU,true
1032,LV,true,881,IT,true
705,HK,true,1251,PT,true
965,KR,true,1013,LT,true
900,JP,true,976,KR,true
542,EE,true,1238,PR,true
82,AU,true,1501,UK,true
801,IL,true,1259,PT,true
963,KP,true,971,KR,true
277,BY,true,1441,SK,true
239,BR,true,1400,SE,true
1308,RO,true,301,CA,true
3,AE,true,209,BG,true
1143,PH,true,767,ID,true
458,CN,true,635,FR,true
162,BE,true,705,HK,true
1429,SI,true,1142,PH,true
388,CH,true,910,JP,true
518,DK,true,1007,LT,true
841,IS,true,685,GR,true
285,CA,true,1078,NL,true
1033,LV,true,882,IT,true
706,HK,true,1252,PT,true
966,KR,true,430,CL,true
901,JP,true,977,KR,true
543,EE,true,1239,PR,true
83,AU,true,1502,UK,true
802,IL,true,1260,PT,true
278,BY,true,1509,UM,true
1251,PT,true,379,CH,true
666,GB,true,1185,PL,true
1309,RO,true,302,CA,true
4,AE,true,210,BG,true
1144,PH,true,768,ID,true
459,CN,true,636,FR,true
163,BE,true,706,HK,true
683,GR,true,637,FR,true
1430,SI,true,1143,PH,true
389,CH,true,911,JP,true
519,DK,true,1008,LT,true
875,IT,true,1104,NZ,true
842,IS,true,686,GR,true
286,CA,true,1079,NL,true
1067,MX,true,1484,UA,true
1066,MW,true,883,IT,true
1519,VE,true,30,AR,true
1065,MV,true,846,IS,true
707,HK,true,1253,PT,true
967,KR,true,431,CL,true
902,JP,true,978,KR,true
544,EE,true,137,BE,true
84,AU,true,1503,UK,true
51,AT,true,85,AU,true
803,IL,true,1261,PT,true
1484,UA,true,231,BR,true
279,BY,true,1510,UM,true
1252,PT,true,380,CH,true
667,GB,true,1186,PL,true
240,BR,true,1401,SE,true
1181,PL,true,1290,RO,true
1473,TT,true,141,BE,true
1310,RO,true,303,CA,true
1145,PH,true,769,ID,true
164,BE,true,707,HK,true
684,GR,true,638,FR,true
390,CH,true,912,JP,true
520,DK,true,1009,LT,true
876,IT,true,1105,NZ,true
843,IS,true,687,GR,true
287,CA,true,1080,NL,true
580,FI,true,799,IL,true
1068,MX,true,1485,UA,true
1520,VE,true,31,AR,true
708,HK,true,1254,PT,true
545,EE,true,138,BE,true
968,KR,true,432,CL,true
903,JP,true,979,KR,true
85,AU,true,277,BY,true
52,AT,true,86,AU,true
804,IL,true,1262,PT,true
1485,UA,true,232,BR,true
1253,PT,true,381,CH,true
1090,NO,true,154,BE,true
668,GB,true,1187,PL,true
241,BR,true,1402,SE,true
1146,PH,true,770,ID,true
165,BE,true,708,HK,true
751,HU,true,236,BR,true
685,GR,true,639,FR,true
1496,UK,true,1144,PH,true
391,CH,true,913,JP,true
521,DK,true,1010,LT,true
877,IT,true,1106,NZ,true
844,IS,true,688,GR,true
288,CA,true,1081,NL,true
581,FI,true,800,IL,true
1069,MX,true,1486,UA,true
1521,VE,true,32,AR,true
546,EE,true,139,BE,true
969,KR,true,433,CL,true
904,JP,true,1049,MT,true
86,AU,true,278,BY,true
53,AT,true,87,AU,true
805,IL,true,1514,UY,true
1486,UA,true,233,BR,true
1254,PT,true,382,CH,true
1091,NO,true,155,BE,true
669,GB,true,1188,PL,true
242,BR,true,1403,SE,true
1182,PL,true,1291,RO,true
1474,TT,true,142,BE,true
1311,RO,true,304,CA,true
200,BG,true,395,CH,true
166,BE,true,797,IL,true
752,HU,true,237,BR,true
686,GR,true,1002,KW,true
1497,UK,true,1145,PH,true
392,CH,true,518,DK,true
522,DK,true,1011,LT,true
878,IT,true,1107,NZ,true
845,IS,true,875,IT,true
289,CA,true,1082,NL,true
582,FI,true,801,IL,true
1522,VE,true,33,AR,true
547,EE,true,140,BE,true
970,KR,true,434,CL,true
905,JP,true,1050,MT,true
87,AU,true,279,BY,true
54,AT,true,1416,SG,true
806,IL,true,1515,UY,true
1487,UA,true,234,BR,true
1255,PT,true,383,CH,true
1092,NO,true,156,BE,true
670,GB,true,1189,PL,true
14,AL,true,884,IT,true
766,ID,true,1193,PL,true
243,BR,true,1404,SE,true
1183,PL,true,1292,RO,true
1312,RO,true,305,CA,true
1147,PH,true,771,ID,true
201,BG,true,396,CH,true
167,BE,true,798,IL,true
753,HU,true,238,BR,true
687,GR,true,1073,MY,true
1498,UK,true,1146,PH,true
393,CH,true,519,DK,true
879,IT,true,1108,NZ,true
846,IS,true,876,IT,true
290,CA,true,1458,TR,true
1104,NZ,true,481,CR,true
583,FI,true,802,IL,true
971,KR,true,435,CL,true
906,JP,true,1051,MT,true
55,AT,true,1417,SG,true
1256,PT,true,384,CH,true
1093,NO,true,157,BE,true
671,GB,true,1190,PL,true
15,AL,true,885,IT,true
767,ID,true,1194,PL,true
1184,PL,true,1293,RO,true
1313,RO,true,306,CA,true
430,CL,true,839,IS,true
754,HU,true,239,BR,true
1437,SK,true,772,ID,true
688,GR,true,1074,MY,true
1499,UK,true,1147,PH,true
394,CH,true,520,DK,true
847,IS,true,877,IT,true
1399,SE,true,74,AT,true
880,IT,true,1109,NZ,true
291,CA,true,1459,TR,true
1105,NZ,true,482,CR,true
1073,MY,true,1396,SA,true
584,FI,true,803,IL,true
972,KR,true,830,IR,true
907,JP,true,1052,MT,true
56,AT,true,1418,SG,true
22,AR,true,1406,SE,true
1257,PT,true,385,CH,true
672,GB,true,1191,PL,true
16,AL,true,886,IT,true
768,ID,true,1195,PL,true
1352,RU,true,11,AF,true
962,KH,true,281,CA,true
1185,PL,true,1294,RO,true
1314,RO,true,307,CA,true
202,BG,true,397,CH,true
135,BD,true,158,BE,true
1500,UK,true,1437,SK,true
395,CH,true,521,DK,true
881,IT,true,1110,NZ,true
848,IS,true,878,IT,true
1400,SE,true,75,AT,true
292,CA,true,1460,TR,true
1106,NZ,true,1398,SB,true
1074,MY,true,480,CR,true
585,FI,true,804,IL,true
1396,SA,true,25,AR,true
973,KR,true,1065,MV,true
908,JP,true,1053,MT,true
57,AT,true,1419,SG,true
23,AR,true,51,AT,true
1258,PT,true,386,CH,true
673,GB,true,1192,PL,true
769,ID,true,1196,PL,true
1353,RU,true,12,AF,true
1514,UY,true,391,CH,true
1186,PL,true,1295,RO,true
11,AF,true,393,CH,true
1315,RO,true,308,CA,true
203,BG,true,398,CH,true
137,BE,true,580,FI,true
136,BD,true,159,BE,true
431,CL,true,840,IS,true
755,HU,true,240,BR,true
1438,SK,true,1177,PK,true
882,IT,true,1111,NZ,true
849,IS,true,879,IT,true
1401,SE,true,76,AT,true
293,CA,true,1461,TR,true
1107,NZ,true,1519,VE,true
586,FI,true,805,IL,true
1398,SB,true,29,AR,true
1007,LT,true,832,IS,true
974,KR,true,1284,PY,true
909,JP,true,1054,MT,true
58,AT,true,1420,SG,true
24,AR,true,52,AT,true
1259,PT,true,387,CH,true
19,AM,true,1487,UA,true
770,ID,true,1197,PL,true
1354,RU,true,200,BG,true
1515,UY,true,392,CH,true
1187,PL,true,1296,RO,true
1316,RO,true,309,CA,true
12,AF,true,394,CH,true
204,BG,true,399,CH,true
138,BE,true,581,FI,true
432,CL,true,841,IS,true
756,HU,true,241,BR,true
1439,SK,true,776,IE,true
721,HR,true,848,IS,true
1501,UK,true,1438,SK,true
396,CH,true,522,DK,true
883,IT,true,1112,NZ,true
850,IS,true,880,IT,true
1402,SE,true,77,AT,true
294,CA,true,1462,TR,true
1108,NZ,true,1520,VE,true
587,FI,true,806,IL,true
1008,LT,true,833,IS,true
975,KR,true,721,HR,true
910,JP,true,1055,MT,true
59,AT,true,1446,TH,true
25,AR,true,53,AT,true
1260,PT,true,388,CH,true
771,ID,true,1198,PL,true
1355,RU,true,201,BG,true
1188,PL,true,1297,RO,true
1317,RO,true,532,EC,true
139,BE,true,582,FI,true
205,BG,true,822,IN,true
433,CL,true,842,IS,true
757,HU,true,242,BR,true
1440,SK,true,777,IE,true
722,HR,true,849,IS,true
1502,UK,true,1439,SK,true
397,CH,true,964,KR,true
588,FI,true,1352,RU,true
1009,LT,true,834,IS,true
976,KR,true,722,HR,true
911,JP,true,1536,ZA,true
60,AT,true,1447,TH,true
26,AR,true,54,AT,true
1261,PT,true,389,CH,true
772,ID,true,1199,PL,true
1356,RU,true,202,BG,true
1189,PL,true,1298,RO,true
1511,US,true,135,BD,true
140,BE,true,583,FI,true
206,BG,true,823,IN,true
434,CL,true,843,IS,true
758,HU,true,243,BR,true
1441,SK,true,778,IE,true
723,HR,true,850,IS,true
1503,UK,true,1440,SK,true
398,CH,true,965,KR,true
884,IT,true,1113,NZ,true
1403,SE,true,78,AT,true
295,CA,true,1463,TR,true
1109,NZ,true,1521,VE,true
1010,LT,true,835,IS,true
977,KR,true,723,HR,true
912,JP,true,1537,ZA,true
61,AT,true,1448,TH,true
27,AR,true,55,AT,true
680,GE,true,546,EE,true
679,GD,true,280,CA,true
1262,PT,true,390,CH,true
1357,RU,true,203,BG,true
1190,PL,true,1299,RO,true
1512,US,true,136,BD,true
207,BG,true,824,IN,true
141,BE,true,584,FI,true
470,CO,true,224,BO,true
435,CL,true,844,IS,true
759,HU,true,1286,QA,true
724,HR,true,1032,LV,true
399,CH,true,966,KR,true
885,IT,true,1114,NZ,true
1404,SE,true,82,AU,true
296,CA,true,1464,TR,true
1110,NZ,true,1522,VE,true
589,FI,true,1353,RU,true
62,AT,true,1449,TH,true
28,AR,true,56,AT,true
1358,RU,true,204,BG,true
1191,PL,true,1300,RO,true
208,BG,true,825,IN,true
142,BE,true,585,FI,true
471,CO,true,751,HU,true
725,HR,true,1033,LV,true
886,IT,true,1115,NZ,true
1405,SE,true,83,AU,true
297,CA,true,1465,TR,true
1111,NZ,true,226,BR,true
590,FI,true,1354,RU,true
1011,LT,true,836,IS,true
978,KR,true,724,HR,true
913,JP,true,1538,ZA,true
776,IE,true,1201,PL,true
1359,RU,true,205,BG,true
1289,RO,true,282,CA,true
1192,PL,true,1301,RO,true
209,BG,true,963,KP,true
143,BE,true,586,FI,true
472,CO,true,752,HU,true
726,HR,true,1066,MW,true
1406,SE,true,84,AU,true
298,CA,true,1466,TR,true
1112,NZ,true,227,BR,true
591,FI,true,1355,RU,true
1012,LT,true,837,IS,true
979,KR,true,725,HR,true
63,AT,true,1450,TH,true
29,AR,true,57,AT,true
777,IE,true,1202,PL,true
483,CY,true,1136,PH,true
1360,RU,true,206,BG,true
1290,RO,true,283,CA,true
1193,PL,true,1302,RO,true
210,BG,true,221,BH,true
144,BE,true,587,FI,true
473,CO,true,753,HU,true
699,GU,true,24,AR,true
1509,UM,true,779,IE,true
727,HR,true,14,AL,true
299,CA,true,1511,US,true
1113,NZ,true,228,BR,true
592,FI,true,1356,RU,true
1013,LT,true,838,IS,true
64,AT,true,1451,TH,true
30,AR,true,58,AT,true
778,IE,true,1203,PL,true
485,CZ,true,1523,VN,true
1232,PR,true,160,BE,true
1291,RO,true,284,CA,true
1194,PL,true,1303,RO,true
211,BG,true,222,BH,true
145,BE,true,588,FI,true
474,CO,true,754,HU,true
1510,UM,true,780,IE,true
728,HR,true,15,AL,true
300,CA,true,1512,US,true
1114,NZ,true,229,BR,true
593,FI,true,1357,RU,true
495,DE,true,143,BE,true
65,AT,true,1127,PE,true
31,AR,true,59,AT,true
1292,RO,true,285,CA,true
1195,PL,true,1304,RO,true
212,BG,true,898,JP,true
146,BE,true,589,FI,true
475,CO,true,755,HU,true
635,FR,true,757,HU,true
729,HR,true,16,AL,true
1115,NZ,true,230,BR,true
301,CA,true,536,EE,true
594,FI,true,1358,RU,true
496,DE,true,144,BE,true
66,AT,true,483,CY,true
32,AR,true,60,AT,true
779,IE,true,1204,PL,true
486,CZ,true,1456,TN,true
1233,PR,true,161,BE,true
1293,RO,true,286,CA,true
1196,PL,true,1305,RO,true
574,ES,true,22,AR,true
147,BE,true,590,FI,true
476,CO,true,756,HU,true
636,FR,true,758,HU,true
730,HR,true,447,CN,true
302,CA,true,537,EE,true
595,FI,true,1359,RU,true
497,DE,true,145,BE,true
67,AT,true,530,DZ,true
33,AR,true,61,AT,true
780,IE,true,1525,YU,true
487,CZ,true,658,GB,true
1234,PR,true,162,BE,true
1294,RO,true,287,CA,true
1197,PL,true,1306,RO,true
480,CR,true,26,AR,true
575,ES,true,23,AR,true
148,BE,true,591,FI,true
637,FR,true,759,HU,true
731,HR,true,448,CN,true
303,CA,true,538,EE,true
596,FI,true,1360,RU,true
498,DE,true,146,BE,true
822,IN,true,967,KR,true
68,AT,true,1425,SI,true
34,AR,true,62,AT,true
781,IE,true,1526,YU,true
488,CZ,true,659,GB,true
1235,PR,true,163,BE,true
